mode,ghash_per_s
cpu,0.007164839939098306
gpu,4.83909
