block,ghash
64,5.96364
128,5.9581
256,5.94869
512,5.97992
1024,5.30861
