mode,ghash_per_s
cpu,0.007187493190131528
gpu,4.82798
